Workbook

Sheet 요약
A1: 주간 업무 보고서
A2: 보고 기간: 2026년 10/5(월) ~ 10/9(금)
A4: ■ 매출
A5: 주간 총매출 | B5: =매출!I5 -> 4368000
A6: 총 판매수량 | B6: =매출!H5 -> 322
A7: 일평균 매출 | B7: =매출!I14/COUNTA(매출!G9:G13) -> 873600
A8: 최고 매출일 | B8: =INDEX(매출!G9:G13,MATCH(MAX(매출!I9:I13),매출!I9:I13,0)) -> 10/7(수)
A9: 최고 매출일 매출 | B9: =MAX(매출!I9:I13) -> 1137000
A10: 매출 1위 상품 | B10: =INDEX(매출!G2:G4,MATCH(MAX(매출!I2:I4),매출!I2:I4,0)) -> 커피 원두
A11: 매출 1위 상품 비중 | B11: =MAX(매출!J2:J4) -> 0.51923077
A13: ■ 고객문의(CS)
A14: 총 접수 | B14: =고객문의!H6 -> 104
A15: 처리 완료 | B15: =고객문의!I6 -> 88
A16: 미처리 | B16: =고객문의!J6 -> 16
A17: 처리율 | B17: =고객문의!K6 -> 0.84615385
A18: 최다 접수 유형 | B18: =INDEX(고객문의!G2:G5,MATCH(MAX(고객문의!H2:H5),고객문의!H2:H5,0)) -> 교환·반품
A19: 처리율 최저 유형 | B19: =INDEX(고객문의!G2:G5,MATCH(MIN(고객문의!K2:K5),고객문의!K2:K5,0)) -> 결제 오류
A21: ■ 업무
A22: 전체 업무 | B22: =업무현황!G5 -> 5
A23: 완료 / 진행 중 / 대기 | B23: =업무현황!G2&" / "&업무현황!G3&" / "&업무현황!G4 -> 2 / 2 / 1
A24: 완료율 | B24: =업무현황!H2 -> 0.4
A26: ■ 주요 이슈 및 차주 계획
A27: • 매출: 10/7(수) 매출 최고(1,137,000원), 10/6(화) 최저(474,000원) — 요일별 편차가 커 프로모션 시점 점검 필요
A28: • CS: '결제 오류' 처리율 64.7%(11/17건)로 가장 낮음 — 미처리 6건 우선 처리
A29: • 업무: 미완료 3건 — 추석 선물세트 재고 정리(박주임, 진행 중, ~10/14), 스마트스토어 상세페이지 수정(이과장, 진행 중, ~10/11), 원두 납품처 단가 협상(최팀장, 대기, ~10/17)
A30: • 차주: 미처리 CS 해소, 진행 중 업무 마감 준수, 원두 단가 협상 착수
A32: ※ 요약 지표는 각 시트의 원본 데이터를 수식으로 참조하며, 이슈 문구는 이번 주 데이터를 바탕으로 작성됨

Sheet 매출
A1: 날짜 | B1: 상품 | C1: 수량 | D1: 단가 | E1: 매출 | G1: 상품 | H1: 판매수량 | I1: 매출 | J1: 매출 비중
A2: 10/5(월) | B2: 커피 원두 | C2: 28 | D2: 18000 | E2: =C2*D2 -> 504000 | G2: 커피 원두 | H2: =SUMIF($B$2:$B$16,G2,$C$2:$C$16) -> 126 | I2: =SUMIF($B$2:$B$16,G2,$E$2:$E$16) -> 2268000 | J2: =IF($I$5=0,0,I2/$I$5) -> 0.51923077
A3: 10/5(월) | B3: 드립백 | C3: 17 | D3: 9000 | E3: =C3*D3 -> 153000 | G3: 드립백 | H3: =SUMIF($B$2:$B$16,G3,$C$2:$C$16) -> 84 | I3: =SUMIF($B$2:$B$16,G3,$E$2:$E$16) -> 756000 | J3: =IF($I$5=0,0,I3/$I$5) -> 0.17307692
A4: 10/5(월) | B4: 머그컵 | C4: 33 | D4: 12000 | E4: =C4*D4 -> 396000 | G4: 머그컵 | H4: =SUMIF($B$2:$B$16,G4,$C$2:$C$16) -> 112 | I4: =SUMIF($B$2:$B$16,G4,$E$2:$E$16) -> 1344000 | J4: =IF($I$5=0,0,I4/$I$5) -> 0.30769231
A5: 10/6(화) | B5: 커피 원두 | C5: 11 | D5: 18000 | E5: =C5*D5 -> 198000 | G5: 합계 | H5: =SUM(H2:H4) -> 322 | I5: =SUM(I2:I4) -> 4368000 | J5: =SUM(J2:J4) -> 1
A6: 10/6(화) | B6: 드립백 | C6: 12 | D6: 9000 | E6: =C6*D6 -> 108000
A7: 10/6(화) | B7: 머그컵 | C7: 14 | D7: 12000 | E7: =C7*D7 -> 168000
A8: 10/7(수) | B8: 커피 원두 | C8: 31 | D8: 18000 | E8: =C8*D8 -> 558000 | G8: 날짜 | H8: 판매수량 | I8: 매출
A9: 10/7(수) | B9: 드립백 | C9: 11 | D9: 9000 | E9: =C9*D9 -> 99000 | G9: 10/5(월) | H9: =SUMIF($A$2:$A$16,G9,$C$2:$C$16) -> 78 | I9: =SUMIF($A$2:$A$16,G9,$E$2:$E$16) -> 1053000
A10: 10/7(수) | B10: 머그컵 | C10: 40 | D10: 12000 | E10: =C10*D10 -> 480000 | G10: 10/6(화) | H10: =SUMIF($A$2:$A$16,G10,$C$2:$C$16) -> 37 | I10: =SUMIF($A$2:$A$16,G10,$E$2:$E$16) -> 474000
A11: 10/8(목) | B11: 커피 원두 | C11: 21 | D11: 18000 | E11: =C11*D11 -> 378000 | G11: 10/7(수) | H11: =SUMIF($A$2:$A$16,G11,$C$2:$C$16) -> 82 | I11: =SUMIF($A$2:$A$16,G11,$E$2:$E$16) -> 1137000
A12: 10/8(목) | B12: 드립백 | C12: 10 | D12: 9000 | E12: =C12*D12 -> 90000 | G12: 10/8(목) | H12: =SUMIF($A$2:$A$16,G12,$C$2:$C$16) -> 44 | I12: =SUMIF($A$2:$A$16,G12,$E$2:$E$16) -> 624000
A13: 10/8(목) | B13: 머그컵 | C13: 13 | D13: 12000 | E13: =C13*D13 -> 156000 | G13: 10/9(금) | H13: =SUMIF($A$2:$A$16,G13,$C$2:$C$16) -> 81 | I13: =SUMIF($A$2:$A$16,G13,$E$2:$E$16) -> 1080000
A14: 10/9(금) | B14: 커피 원두 | C14: 35 | D14: 18000 | E14: =C14*D14 -> 630000 | G14: 합계 | H14: =SUM(H9:H13) -> 322 | I14: =SUM(I9:I13) -> 4368000
A15: 10/9(금) | B15: 드립백 | C15: 34 | D15: 9000 | E15: =C15*D15 -> 306000
A16: 10/9(금) | B16: 머그컵 | C16: 12 | D16: 12000 | E16: =C16*D16 -> 144000
A17: 합계 | C17: =SUM(C2:C16) -> 322 | E17: =SUM(E2:E16) -> 4368000

Sheet 고객문의
A1: 날짜 | B1: 유형 | C1: 접수 | D1: 처리 완료 | E1: 처리율 | G1: 유형 | H1: 접수 | I1: 처리 완료 | J1: 미처리 | K1: 처리율
A2: 10/5(월) | B2: 배송 문의 | C2: 3 | D2: 3 | E2: =IF(C2=0,"-",D2/C2) -> 1 | G2: 배송 문의 | H2: =SUMIF($B$2:$B$21,G2,$C$2:$C$21) -> 29 | I2: =SUMIF($B$2:$B$21,G2,$D$2:$D$21) -> 27 | J2: =H2-I2 -> 2 | K2: =IF(H2=0,0,I2/H2) -> 0.93103448
A3: 10/5(월) | B3: 교환·반품 | C3: 8 | D3: 7 | E3: =IF(C3=0,"-",D3/C3) -> 0.875 | G3: 교환·반품 | H3: =SUMIF($B$2:$B$21,G3,$C$2:$C$21) -> 32 | I3: =SUMIF($B$2:$B$21,G3,$D$2:$D$21) -> 28 | J3: =H3-I3 -> 4 | K3: =IF(H3=0,0,I3/H3) -> 0.875
A4: 10/5(월) | B4: 상품 문의 | C4: 0 | D4: 0 | E4: =IF(C4=0,"-",D4/C4) -> - | G4: 상품 문의 | H4: =SUMIF($B$2:$B$21,G4,$C$2:$C$21) -> 26 | I4: =SUMIF($B$2:$B$21,G4,$D$2:$D$21) -> 22 | J4: =H4-I4 -> 4 | K4: =IF(H4=0,0,I4/H4) -> 0.84615385
A5: 10/5(월) | B5: 결제 오류 | C5: 3 | D5: 1 | E5: =IF(C5=0,"-",D5/C5) -> 0.33333333 | G5: 결제 오류 | H5: =SUMIF($B$2:$B$21,G5,$C$2:$C$21) -> 17 | I5: =SUMIF($B$2:$B$21,G5,$D$2:$D$21) -> 11 | J5: =H5-I5 -> 6 | K5: =IF(H5=0,0,I5/H5) -> 0.64705882
A6: 10/6(화) | B6: 배송 문의 | C6: 9 | D6: 9 | E6: =IF(C6=0,"-",D6/C6) -> 1 | G6: 합계 | H6: =SUM(H2:H5) -> 104 | I6: =SUM(I2:I5) -> 88 | J6: =SUM(J2:J5) -> 16 | K6: =IF(H6=0,0,I6/H6) -> 0.84615385
A7: 10/6(화) | B7: 교환·반품 | C7: 9 | D7: 7 | E7: =IF(C7=0,"-",D7/C7) -> 0.77777778
A8: 10/6(화) | B8: 상품 문의 | C8: 6 | D8: 6 | E8: =IF(C8=0,"-",D8/C8) -> 1
A9: 10/6(화) | B9: 결제 오류 | C9: 3 | D9: 3 | E9: =IF(C9=0,"-",D9/C9) -> 1 | G9: 날짜 | H9: 접수 | I9: 처리 완료 | J9: 미처리 | K9: 처리율
A10: 10/7(수) | B10: 배송 문의 | C10: 8 | D10: 8 | E10: =IF(C10=0,"-",D10/C10) -> 1 | G10: 10/5(월) | H10: =SUMIF($A$2:$A$21,G10,$C$2:$C$21) -> 14 | I10: =SUMIF($A$2:$A$21,G10,$D$2:$D$21) -> 11 | J10: =H10-I10 -> 3 | K10: =IF(H10=0,0,I10/H10) -> 0.78571429
A11: 10/7(수) | B11: 교환·반품 | C11: 4 | D11: 3 | E11: =IF(C11=0,"-",D11/C11) -> 0.75 | G11: 10/6(화) | H11: =SUMIF($A$2:$A$21,G11,$C$2:$C$21) -> 27 | I11: =SUMIF($A$2:$A$21,G11,$D$2:$D$21) -> 25 | J11: =H11-I11 -> 2 | K11: =IF(H11=0,0,I11/H11) -> 0.92592593
A12: 10/7(수) | B12: 상품 문의 | C12: 2 | D12: 0 | E12: =IF(C12=0,"-",D12/C12) -> 0 | G12: 10/7(수) | H12: =SUMIF($A$2:$A$21,G12,$C$2:$C$21) -> 15 | I12: =SUMIF($A$2:$A$21,G12,$D$2:$D$21) -> 11 | J12: =H12-I12 -> 4 | K12: =IF(H12=0,0,I12/H12) -> 0.73333333
A13: 10/7(수) | B13: 결제 오류 | C13: 1 | D13: 0 | E13: =IF(C13=0,"-",D13/C13) -> 0 | G13: 10/8(목) | H13: =SUMIF($A$2:$A$21,G13,$C$2:$C$21) -> 22 | I13: =SUMIF($A$2:$A$21,G13,$D$2:$D$21) -> 17 | J13: =H13-I13 -> 5 | K13: =IF(H13=0,0,I13/H13) -> 0.77272727
A14: 10/8(목) | B14: 배송 문의 | C14: 8 | D14: 6 | E14: =IF(C14=0,"-",D14/C14) -> 0.75 | G14: 10/9(금) | H14: =SUMIF($A$2:$A$21,G14,$C$2:$C$21) -> 26 | I14: =SUMIF($A$2:$A$21,G14,$D$2:$D$21) -> 24 | J14: =H14-I14 -> 2 | K14: =IF(H14=0,0,I14/H14) -> 0.92307692
A15: 10/8(목) | B15: 교환·반품 | C15: 2 | D15: 2 | E15: =IF(C15=0,"-",D15/C15) -> 1 | G15: 합계 | H15: =SUM(H10:H14) -> 104 | I15: =SUM(I10:I14) -> 88 | J15: =SUM(J10:J14) -> 16 | K15: =IF(H15=0,0,I15/H15) -> 0.84615385
A16: 10/8(목) | B16: 상품 문의 | C16: 9 | D16: 7 | E16: =IF(C16=0,"-",D16/C16) -> 0.77777778
A17: 10/8(목) | B17: 결제 오류 | C17: 3 | D17: 2 | E17: =IF(C17=0,"-",D17/C17) -> 0.66666667 | G17: ※ 처리율 80% 미만은 붉은색으로 표시
A18: 10/9(금) | B18: 배송 문의 | C18: 1 | D18: 1 | E18: =IF(C18=0,"-",D18/C18) -> 1
A19: 10/9(금) | B19: 교환·반품 | C19: 9 | D19: 9 | E19: =IF(C19=0,"-",D19/C19) -> 1
A20: 10/9(금) | B20: 상품 문의 | C20: 9 | D20: 9 | E20: =IF(C20=0,"-",D20/C20) -> 1
A21: 10/9(금) | B21: 결제 오류 | C21: 7 | D21: 5 | E21: =IF(C21=0,"-",D21/C21) -> 0.71428571
A22: 합계 | C22: =SUM(C2:C21) -> 104 | D22: =SUM(D2:D21) -> 88 | E22: =IF(C22=0,"-",D22/C22) -> 0.84615385

Sheet 업무현황
A1: 업무 | B1: 담당 | C1: 상태 | D1: 마감 | F1: 상태 | G1: 건수 | H1: 비율
A2: 가을 신메뉴 사진 촬영 | B2: 김대리 | C2: 완료 | D2: 10/7 | F2: 완료 | G2: =COUNTIF($C$2:$C$6,F2) -> 2 | H2: =IF($G$5=0,0,G2/$G$5) -> 0.4
A3: 추석 선물세트 재고 정리 | B3: 박주임 | C3: 진행 중 | D3: 10/14 | F3: 진행 중 | G3: =COUNTIF($C$2:$C$6,F3) -> 2 | H3: =IF($G$5=0,0,G3/$G$5) -> 0.4
A4: 스마트스토어 상세페이지 수정 | B4: 이과장 | C4: 진행 중 | D4: 10/11 | F4: 대기 | G4: =COUNTIF($C$2:$C$6,F4) -> 1 | H4: =IF($G$5=0,0,G4/$G$5) -> 0.2
A5: 원두 납품처 단가 협상 | B5: 최팀장 | C5: 대기 | D5: 10/17 | F5: 합계 | G5: =SUM(G2:G4) -> 5 | H5: =SUM(H2:H4) -> 1
A6: 10월 이벤트 공지 | B6: 김대리 | C6: 완료 | D6: 10/8
